gender,count,ctr
1.0,6713514,0.019463875401168448
2.0,3973457,0.018397581753118255
,17208,0.023593677359367737
