day_of_week,count,ctr
2,1532022,0.020901788616612554
4,1530297,0.01979811762030508
6,1530282,0.01978850956882457
3,1529921,0.019557218967515316
5,1529839,0.019504666830954108
7,1526335,0.017253748357994803
1,1525483,0.016704873145095684
