age_group,count,ctr
7.0,3706802,0.017488660036333207
8.0,2646736,0.02291690595510848
6.0,2320895,0.016559129129064435
5.0,591501,0.017382895379720407
4.0,554070,0.018688974317324525
3.0,479087,0.019301296006779562
2.0,358917,0.02236728825884536
1.0,28963,0.06722369920243068
,17208,0.023593677359367737
