column,nulls,null_rate
gender,17208,0.0016075964349998259
age_group,17208,0.0016075964349998259
inventory_id,0,0.0
day_of_week,0,0.0
hour,0,0.0
l_feat_14,0,0.0
seq,0,0.0
